Front,Back
"What problem does Docker solve?","Docker addresses the ""Matrix from Hell"" - compatibility issues between different application components their dependencies and the underlying operating system."
"What are the key problems in the ""Matrix from Hell"" scenario?","Setting up end-to-end application stacks with multiple technologies compatibility issues with OS versions dependency conflicts (one service needs library v1 another needs v2) architecture changes requiring compatibility re-checks difficult developer onboarding with complex setup instructions and environment differences between development test and production."
"How does Docker solve the ""Matrix from Hell"" problem?","Each component runs in a separate container with its own dependencies all containers share the same VM and OS but have isolated environments one-time Docker configuration with simple docker run command for all developers and consistent behavior across all environments."
"What are the layers in Docker container architecture from top to bottom?","Application + Dependencies Container Layer (writable) Docker Image Layers (read-only) Docker Engine Operating System Hardware Infrastructure."
"What are the layers in Virtual Machine architecture from top to bottom?","Application + Dependencies Guest Operating System (full OS) Hypervisor (ESX Hyper-V) Host Operating System Hardware Infrastructure."
"What is the size difference between containers and virtual machines?","Containers are in megabytes while virtual machines are in gigabytes."
"What is the startup time difference between containers and virtual machines?","Containers start in seconds while virtual machines start in minutes."
"How does resource usage differ between containers and virtual machines?","Containers are lightweight with shared kernel while VMs are heavy with full OS per VM."
"How does isolation differ between containers and virtual machines?","Containers provide process-level isolation with shared kernel while VMs provide complete isolation with separate kernels."
"What is the OS compatibility constraint for containers vs VMs?","Containers must match host kernel (Linux containers on Linux) while VMs can run different OS types."
"What critical limitation do containers have regarding the OS kernel?","Containers share the underlying OS kernel - Linux containers require a Linux kernel Windows containers require a Windows kernel and you cannot run Windows containers on a Linux host without a Windows VM."
"What are containers?","Containers are completely isolated environments with their own processes network interfaces and mounts but they all share the same OS kernel."
"What are the three container types mentioned?","LXC (LinuX Containers) LXD and LXCFS."
"What is Docker's role in containerization?","Docker utilizes LXC containers but provides a high-level interface with powerful functionalities making containers easy to use."
"What are the two main components of an operating system?","OS Kernel (interacts with underlying hardware) and Software Layer (UI drivers compilers file managers developer tools)."
"What do different Linux distributions (Ubuntu Fedora SUSE CentOS) have in common?","They all use the Linux kernel - the difference is in the software layer above the kernel."
"Why can a Docker host with Ubuntu run containers based on Ubuntu Debian Fedora and CentOS?","Because they all share the Linux kernel. The Docker container only includes the additional software that differentiates the distributions."
"Why won't ""docker run windows-server"" work on a Linux Docker host?","Windows containers require a Windows kernel and must run on Windows Server with Docker."
"What are the two editions of Docker?","Community Edition (CE) which is free and Enterprise Edition (EE) which is paid with additional features."
"What is included in Docker Community Edition?","Free Docker products available on Linux Mac Windows AWS and Azure."
"What additional features does Docker Enterprise Edition provide?","Certified and supported container platform image management image security Universal Control Plane and container runtime orchestration."
"What are the prerequisites for installing Docker on Ubuntu?","64-bit system and supported Ubuntu versions (Cosmic Bionic or Xenial)."
"What command checks your Ubuntu version?","cat /etc/lsb-release"
"What command removes old Docker versions before installation?","sudo apt-get remove docker docker-engine docker.io containerd runc"
"What are the two commands to install Docker via convenience script?","curl -fsSL https://get.docker.com -o get-docker.sh and sudo sh get-docker.sh"
"What do the curl flags -fsSL mean in the Docker installation script?","-f: Fail silently on HTTP errors -s: Silent mode -S: Show errors -L: Follow redirects."
"What command verifies Docker installation?","docker version"
"What command tests Docker installation?","sudo docker run docker/whalesay cowsay ""Hello World"""
"What does the docker/whalesay test command do?","Runs a container that displays an ASCII art whale saying ""Hello World"" pulling the image from Docker Hub if not present locally."
"What is Docker's default installation directory?","/var/lib/docker/"
"What are the main subdirectories in Docker's installation directory?","aufs/ containers/ image/ volumes/ and other directories."
"What does the containers/ directory store?","Files related to running containers."
"What does the image/ directory store?","Image files."
"What does the volumes/ directory store?","Volumes created by containers."
"What is the basic syntax of the docker run command?","docker run <image_name>"
"What happens when you run ""docker run nginx"" for the first time?","Docker checks if image exists locally if not found pulls from Docker Hub (docker pull nginx) creates a container from the image and starts the container."
"What command lists all currently running containers?","docker ps"
"What information does ""docker ps"" show?","Container ID Image Command Created time Status Ports and Name."
"What command lists all containers including stopped ones?","docker ps -a"
"What is the command to stop a running container?","docker stop tainer_id_or_name>"
"Can you use partial container IDs with docker stop?","Yes as long as the partial ID is unique."
"What signal does ""docker stop"" send to the main process?","SIGTERM signal."
"What happens to a container's status after docker stop?","Container status changes to ""Exited"" but the container still exists."
"What command permanently deletes a stopped container?","docker rm tainer_id_or_name>"
"What must be true before removing a container?","The container must be stopped first."
"What command lists all Docker images?","docker images"
"What information does ""docker images"" display?","REPOSITORY (image name) TAG (version tag) IMAGE ID (unique identifier) CREATED (when the image was created) and SIZE (image size)."
"What command removes a Docker image?","docker rmi <image_name>"
"What is required before removing a Docker image?","No containers (running or stopped) must be using this image - all dependent containers must be deleted first."
"What command downloads an image without running it?","docker pull <image_name>"
"What is the benefit of using docker pull?","Downloads image to local system for pre-fetching so subsequent docker run commands won't need to download."
"What command executes a command inside a running container?","docker exec tainer_id_or_name> mmand>"
"What are use cases for docker exec?","Debugging checking files inside container and running administrative commands."
"What happens when you run ""docker run ubuntu""?","Docker creates container from Ubuntu image starts the container Ubuntu's default command (bash) runs bash finds no terminal and exits immediately and container stops."
"Why do containers exit when their process completes?","Containers are NOT meant to host operating systems - they run a specific task/process and live only as long as the process inside it. When process stops/crashes container exits."
"How can you keep a container running with a custom command?","Use ""docker run ubuntu sleep 5"" to override the default command."
"What is the difference between attached and detached mode in Docker?","Attached mode (default) runs container in foreground with terminal showing output and blocked while detached mode runs container in background with terminal free."
"What flag runs a container in detached mode?","-d or --detach"
"What does ""docker run -d"" return?","Returns the container ID and returns to prompt immediately."
"What command re-attaches to a detached container?","docker attach tainer_id_or_name>"
"What flag enables interactive mode in Docker?","-i or --interactive"
"What does the -i flag do?","Keeps STDIN open so the container can accept input."
"What does the -t flag do in Docker?","Provides a pseudo-TTY (terminal)."
"What is the purpose of using -it together?","Provides full interactive terminal where the prompt is displayed properly."
"What is port mapping in Docker?","Mapping container ports to host ports to access containerized applications from outside."
"What is the format for the -p port mapping flag?","-p <host_port>:tainer_port>"
"What does ""docker run -p 80:5000 kodekloud/simple-webapp"" do?","Maps port 80 on Docker host to port 5000 inside container so traffic to host:80 is forwarded to container:5000."
"Can you map the same host port twice?","No each instance must be accessible on a different host port."
"What is volume mapping in Docker?","Persisting data outside containers so it survives container deletion by mounting host directories to container directories."
"What is the format for the -v volume mapping flag?","-v <host_path>:tainer_path>"
"What does ""docker run -v /opt/datadir:/var/lib/mysql mysql"" do?","Mounts /opt/datadir from host to /var/lib/mysql in container so data written to container path is actually stored on host path and persists after container deletion."
"What command gets detailed information about a container?","docker inspect tainer_id_or_name>"
"What format does docker inspect return data in?","JSON format with complete container configuration including state network settings mounts and environment variables."
"What command views logs from a detached container?","docker logs tainer_id_or_name>"
"What does docker logs show?","Shows all output written to STDOUT by container equivalent to terminal output in attached mode."
"What is the Docker image naming convention?","<username>/<repository>:<tag>"
"What is the default tag if none is specified?","latest"
"Where can you find available tags for Docker images?","Visit Docker Hub (https://hub.docker.com) search for image and check the ""Tags"" tab."
"What is a Dockerfile?","A file containing instructions to build a Docker image."
"What is the format for Dockerfile instructions?","INSTRUCTION arguments (instructions in uppercase)."
"What are the main Dockerfile instructions?","FROM RUN COPY ADD WORKDIR ENV EXPOSE CMD ENTRYPOINT."
"What does the FROM instruction do?","Defines the base OS for the container - every Dockerfile MUST start with FROM."
"What does the RUN instruction do?","Executes commands during image build running on the base image with each RUN creating a new layer."
"What does the COPY instruction do?","Copies files from host to image with format COPY <source> <destination>."
"What does the ENTRYPOINT instruction do?","Specifies the command to run when container starts."
"What is the command to build a Docker image?","docker build -t <tag_name> <build_context>"
"What does the -t flag do in docker build?","Tags the image with a name."
"What does the ""."" represent in ""docker build -t myapp .""?","Build context (current directory where Dockerfile is located)."
"What is Docker's layered architecture?","Docker builds images in layers where each instruction creates a new layer stacked on top of previous layers."
"What command shows the layer history of an image?","docker history <image_name>"
"How does Docker's build cache work?","Docker caches layers to speed up rebuilds - only rebuilds changed layers and layers after them."
"What happens when only source code changes in a Dockerfile?","Earlier layers (OS dependencies) are cached and only the COPY layer and subsequent layers are rebuilt."
"What is the command to push an image to Docker Hub?","docker push <image_name>"
"What format must an image be tagged with to push to Docker Hub?","<dockerhub_username>/<repository>:<tag>"
"What must you do before pushing to Docker Hub?","Must be logged in using ""docker login""."
"What flag sets environment variables when running a container?","-e or --env"
"What is the format for setting environment variables?","-e KEY=VALUE"
"How can you set multiple environment variables?","Use multiple -e flags: docker run -e VAR1=value1 -e VAR2=value2 image_name"
"How can you inspect environment variables of a running container?","Use ""docker inspect tainer_name>"" and look at the ""Config.Env"" section."
"What does the CMD instruction specify?","The default command to run when container starts."
"Why does an Ubuntu container exit immediately?","The default CMD is ""bash"" which finds no terminal in non-interactive mode and exits immediately causing the container to stop."
"What happens when you run the command `docker run ubuntu` without any arguments?","The container starts and immediately exits."
"Why does the default Ubuntu container exit immediately upon running?","Because the default `CMD` is `bash` which requires a terminal. Docker doesn't attach one by default so bash exits."
"Which Docker command allows you to verify that a container has exited?","`docker ps -a`"
"What happens when you run `docker run ubuntu sleep 5`?","The command `sleep 5` overrides the default `bash` CMD the container sleeps for 5 seconds and then exits."
"What are the two formats for defining a `CMD` in a Dockerfile?","Shell Form (`CMD command param`) and Exec Form (`CMD [""executable"" ""param""]`)."
"Which `CMD` format is preferred in Dockerfiles?","The Exec Form (JSON Array)."
"In the JSON Array (Exec) format for `CMD` what must the first element be?","The executable."
"What happens if you run `docker run ubuntu-sleeper 10` against an image defined with only `CMD [""sleep"" ""5""]`?","The argument `10` completely replaces `sleep 5` causing an error because `10` is not a valid executable."
"What is the primary purpose of the `ENTRYPOINT` instruction?","It defines the executable that will run when the container starts while allowing parameters to be appended."
"If a Dockerfile has `ENTRYPOINT [""sleep""]` what happens when you run `docker run ubuntu-sleeper 10`?","The argument `10` is appended to the entrypoint resulting in the command `sleep 10`."
"Can the `ENTRYPOINT` instruction be overridden by default command-line arguments?","No command-line arguments are appended to it (unless a specific flag is used)."
"How can you provide a default value to an `ENTRYPOINT` instruction?","By using a `CMD` instruction to specify the default parameters."
"If a Dockerfile contains `ENTRYPOINT [""sleep""]` and `CMD [""5""]` what command runs by default?","`sleep 5`"
"If a Dockerfile contains `ENTRYPOINT [""sleep""]` and `CMD [""5""]` what command runs if the user executes `docker run ... 10`?","`sleep 10` (the command line argument overrides the CMD value)."
"What is the syntax requirement when combining `ENTRYPOINT` and `CMD`?","Both instructions must be in the JSON array (Exec) format."
"Which flag allows you to override the `ENTRYPOINT` at runtime?","`--entrypoint`"
"Write the command to override the entrypoint of `ubuntu-sleeper` to `sleep2.0`.","`docker run --entrypoint sleep2.0 ubuntu-sleeper 10`"
"What are the three default networks Docker creates upon installation?","Bridge Host and None."
"What command is used to list all Docker networks?","`docker network ls`"
"What is the default network driver attached to new containers?","The Bridge network."
"What is the typical internal IP range for the default bridge network?","172.17.x.x"
"Can containers on the same bridge network communicate with each other?","Yes they can communicate using their internal IPs."
"How do you make a container on a bridge network accessible from an external network?","By using port mapping (e.g. `-p 8080:80`)."
"What is the characteristic of the Host network driver?","It removes network isolation allowing the container to use the host's network stack directly."
"Is port mapping required when using the Host network?","No the container's port is directly accessible on the host."
"What is a major limitation of using the Host network?","You cannot run multiple containers listening on the same port on a single host."
"What is the characteristic of the None network?","The container is completely isolated with no external network access or communication with other containers."
"What is the command to create a custom bridge network?","`docker network create --driver bridge [network_name]`"
"Which flag is used to specify a custom subnet during network creation?","`--subnet` (e.g. `--subnet 182.18.0.0/16`)"
"How do you assign a container to a specific network at runtime?","Use the `--network` flag (e.g. `--network=custom-network`)."
"Which command allows you to inspect network settings like IP address and Gateway?","`docker inspect tainer_name_or_id>`"
"How does Docker handle DNS resolution between containers?","It uses a built-in DNS server (at 127.0.0.11) to resolve container names to their internal IPs."
"Why is hardcoding container IPs in application code considered bad practice?","Because internal IPs can change whenever containers are restarted."
"What is the modern way to allow containers to communicate by name?","Place them on a user-defined custom network and use their container names (Docker DNS handles the resolution)."
"What Linux technology does Docker use to implement network isolation?","Network Namespaces (and virtual ethernet pairs)."
"What is the default directory where Docker stores data on Linux?","`/var/lib/docker/`"
"What are the four main subdirectories found in the Docker storage directory?","`aufs` (or current driver) `containers` `image` and `volumes`."
"How are Docker images structured architecturally?","They are built in a series of read-only layers."
"What is added to the layered architecture when a container is started?","A read-write ""Container Layer"" is added on top of the image layers."
"How does Docker optimize storage when multiple images share the same base?","It reuses the underlying shared layers rather than duplicating them."
"What happens to the data in the Container Layer (read-write) when the container is deleted?","It is permanently deleted."
"Explain the ""Copy-on-Write"" mechanism in Docker.","When a container needs to modify a read-only file from an image layer Docker first copies the file to the writable layer and modifications are made to the copy."
"What command is used to create a persistent volume?","`docker volume create <volume_name>`"
"Where are Docker volumes physically stored on the host?","`/var/lib/docker/volumes/`"
"What syntax is used to mount a named volume to a container?","`docker run -v volume_name:/path/in/container image_name`"
"What is a Bind Mount?","A mount that maps a specific user-specified directory on the host to a path inside the container."
"How does the syntax of `-v` distinguish between a Volume and a Bind Mount?","If the source is a name (e.g. `data_vol`) it's a Volume. If it's a path (e.g. `/data/mysql`) it's a Bind Mount."
"What is the newer more verbose syntax preferred for mounting volumes?","The `--mount` flag."
"Write an example of a bind mount using the `--mount` syntax.","`docker run --mount type=bind,source=/data/mysql,target=/var/lib/mysql mysql`"
"What is the role of Storage Drivers in Docker?","They manage the layered architecture the writable container layer and the copy-on-write strategy."
"List three common Docker Storage Drivers.","AUFS Overlay2 and Device Mapper (others include BTRFS ZFS)."
"What is the primary purpose of Docker Compose?","To define and run multi-container applications using a YAML configuration file."
"What command is used to start a multi-container application defined in a Compose file?","`docker-compose up`"
"Under which key are containers defined in a `docker-compose.yml` file?","`services`"
"How do you instruct Docker Compose to build an image from a local directory instead of pulling it?","Use `build: ./path/to/directory` instead of the `image:` key."
"What was a major requirement for container communication in Docker Compose Version 1?","Containers had to be manually linked using the `links` key."
"What key feature was introduced in Docker Compose Version 2 regarding networking?","Automatic creation of a dedicated bridge network where all services can communicate by name."
"What instruction in Docker Compose Version 2 allows you to specify startup order?","`depends_on`"
"What is the main feature introduced in Docker Compose Version 3?","Support for Docker Swarm and stack deployment."
"How do you define a custom network in a `docker-compose.yml` file?","Define a top-level `networks` key and then assign services to those networks under their respective `networks` key."
"In a Compose file which syntax maps host port 5000 to container port 80?","`ports: - ""5000:80""`"
"In a docker-compose.yml file what network is assigned to the frontend section?","A network named ""frontend"""
"In a docker-compose.yml file what network is assigned to the backend section?","A network named ""backend"""
"Which two networks is the vote service connected to in a docker-compose configuration?","frontend and backend"
"What are the three benefits of using multiple networks in Docker Compose?","Isolate traffic types Security boundaries and Organized architecture"
"What command runs Docker Compose services with networks?","docker-compose up"
"What two networks does Docker automatically create when running docker-compose up for a project?","project_frontend network and project_backend network"
"What is a Docker Registry?","A repository for storing and distributing Docker images"
"What is the full Docker image naming convention format?","[registry]/[username]/[repository]:[tag]"
"What does the short format ""nginx"" expand to in Docker image naming?","docker.io/library/nginx:latest"
"In the image name ""docker.io/nginx/nginx:latest"" what does ""docker.io"" represent?","Registry DNS name (Docker Hub)"
"In the image name ""docker.io/nginx/nginx:latest"" what does the first ""nginx"" represent?","Username/Organization (library is default)"
"In the image name ""docker.io/nginx/nginx:latest"" what does the second ""nginx"" represent?","Repository name"
"In the image name ""docker.io/nginx/nginx:latest"" what does ""latest"" represent?","Tag/Version"
"What is the DNS name for Docker Hub?","docker.io"
"What three types of images are available on Docker Hub?","Official images from vendors Community images and images from the default public registry"
"What is the DNS name for Google Container Registry?","gcr.io"
"What types of images are typically found on Google Container Registry?","Kubernetes-related images and Google Cloud images"
"What command pulls the nginx image from Docker Hub?","docker pull docker.io/nginx:latest"
"What command pulls the tiller image version v2.11.0 from Google Registry?","docker pull gcr.io/kubernetes-helm/tiller:v2.11.0"
"What is the purpose of a Private Docker Registry?","Host images internally for proprietary applications"
"What is AWS's private container registry service called?","Amazon Elastic Container Registry (ECR)"
"What is Azure's private container registry service called?","Azure Container Registry (ACR)"
"What is GCP's private container registry service called?","Google Container Registry (GCR)"
"What is Step 1 for using a private Docker registry?","Login using ""docker login private-registry.io"""
"What command runs an image from a private registry?","docker run private-registry.io/apps/internal-app"
"What error message appears when trying to pull from a private registry without logging in?","Error response from daemon: pull access denied for private-registry.io/apps/internal-app"
"What command deploys a private Docker registry?","docker run -d -p 5000:5000 --name registry registry:2"
"What does ""registry:2"" refer to in the private registry deployment command?","Official Docker registry image"
"What port does the private registry expose its API on?","Port 5000"
"What does the ""-d"" flag do in the registry deployment command?","Runs in background (detached mode)"
"What does ""--name registry"" do in the registry deployment command?","Names the container ""registry"""
"Where is the deployed private registry accessible?","localhost:5000"
"What does the private registry provide after deployment?","REST API for push/pull operations"
"What is Step 1 for pushing an image to a private registry?","Tag the image with registry URL using ""docker image tag my-image localhost:5000/my-image"""
"What does ""docker image tag"" command do?","Tags an existing image with a new name"
"What is Step 2 for pushing an image to a private registry?","Push to registry using ""docker push localhost:5000/my-image"""
"What command lists images in a private registry catalog?","curl -X GET http://localhost:5000/v2/_catalog"
"What JSON format does the registry catalog return?","{""repositories"": [""my-image""]}"
"What command pulls an image from a private registry on the same host?","docker pull localhost:5000/my-image"
"What command pulls an image from a private registry on another host with IP 192.168.1.100?","docker pull 192.168.1.100:5000/my-image"
"What command tags a local image for an internal company registry?","docker image tag my-app registry.company.com:5000/my-app"
"What command pushes to a company registry?","docker push registry.company.com:5000/my-app"
"What command pulls from a company registry?","docker pull registry.company.com:5000/my-app"
"What are the three main components of Docker?","Docker Daemon Docker REST API and Docker CLI"
"What is the Docker Daemon?","A background process that manages Docker objects and handles container operations"
"What four types of objects does the Docker Daemon manage?","Images Containers Volumes and Networks"
"What is the Docker REST API?","An interface for communication that provides HTTP endpoints"
"What uses the Docker REST API?","CLI and other tools"
"What is the Docker CLI?","A command-line tool (docker command) that communicates with daemon via REST API"
"Can the Docker CLI be remote or local?","Yes it can be both remote or local"
"What command runs nginx on a remote Docker host at IP 10.123.2.1?","docker -H=10.123.2.1:2375 run nginx"
"What does the ""-H"" flag specify in Docker commands?","Specifies the remote host"
"What port is specified for the remote Docker daemon in the example?","2375"
"What command lists containers on a remote Docker host?","docker -H=remote-docker:2375 ps"
"What command runs a Redis container on a remote host in detached mode?","docker -H=remote-docker:2375 run -d redis"
"What command pulls Ubuntu image on a remote host?","docker -H=remote-docker:2375 pull ubuntu"
"What Linux kernel features does Docker use for isolation?","Linux Namespaces and Control Groups (cgroups)"
"What PID does nginx have inside a container according to the PID namespace example?","PID 1"
"What PID does nginx have on the host system in the PID namespace example?","PID 5"
"How many PIDs does a container process have?","Two PIDs - one inside container namespace and one on host namespace"
"What does the container think about its root process?","The container thinks it's the root process (PID 1)"
"What command verifies the nginx PID on the host?","ps aux | grep nginx"
"What command verifies the nginx PID inside the container?","docker exec tainer> ps aux"
"What does the Network namespace provide?","Separate network stack"
"What does the Mount namespace provide?","Separate filesystem mount points"
"What does the IPC namespace provide?","Inter-process communication isolation"
"What does the UTS namespace provide?","Hostname and domain name isolation"
"What does the User namespace provide?","User and group ID isolation"
"What are cgroups used for in Docker?","Control groups limit resource usage per container"
"What command sets a CPU limit to 50% of one CPU core for Ubuntu container?","docker run --cpus=0.5 ubuntu"
"What does ""--cpus=0.5"" mean?","Limit to 50% of one CPU core"
"What does the CPU limit ensure?","Ensures fair resource sharing and container cannot exceed this limit"
"What command sets a memory limit to 100 megabytes for Ubuntu container?","docker run --memory=100m ubuntu"
"What happens if a container exceeds its memory limit?","Container is killed (OOM - Out Of Memory)"
"What does the memory limit prevent?","Prevents memory exhaustion"
"What command runs nginx with both CPU and memory limits?","docker run --cpus=0.5 --memory=512m nginx"
"What command views resource usage of containers?","docker stats"
"What columns are displayed in docker stats output?","CONTAINER ID NAME CPU % MEM USAGE / LIMIT MEM %"
"What is Docker Toolbox?","Original Docker support using VirtualBox for Windows and Mac"
"What are the components of Docker Toolbox?","Oracle VirtualBox Boot2Docker (lightweight Linux VM) Docker Engine Docker Machine Docker Compose and Kitematic (GUI)"
"What are the requirements for Docker Toolbox?","64-bit Windows 7 or higher and Virtualization enabled in BIOS"
"What are the three limitations of Docker Toolbox?","Legacy/older approach Uses VirtualBox (performance overhead) and Only runs Linux containers"
"What virtualization technology does Docker Toolbox use?","Oracle VirtualBox"
"What is Boot2Docker?","A lightweight Linux VM used in Docker Toolbox"
"What is Docker Desktop for Windows?","Modern Docker using native Windows virtualization (Hyper-V)"
"What are the Windows version requirements for Docker Desktop?","Windows 10 Pro Enterprise or Education; or Windows Server 2016 or higher"
"What are the hardware requirements for Docker Desktop for Windows?","Hyper-V support (enabled) and 64-bit processor with SLAT"
"What are three advantages of Docker Desktop for Windows?","Native integration Better performance and Native filesystem access"
"Can VirtualBox and Hyper-V coexist?","No VirtualBox and Hyper-V cannot coexist"
"What virtualization technology does Docker Desktop for Windows use?","Microsoft Hyper-V"
"What are Windows containers?","Native Windows containers that run on Windows hosts"
"What command runs a Windows Server Container?","docker run microsoft/windowsservercore"
"What are the characteristics of Windows Server Containers?","Shares kernel with host Similar to Linux containers and Lightweight isolation"
"What command runs a Hyper-V Container?","docker run --isolation=hyperv microsoft/nanoserver"
"What are the characteristics of Hyper-V Containers?","Each container in own VM Complete kernel isolation and Better security boundaries"
"What is the base image for Windows Server Core?","microsoft/windowsservercore"
"What are the characteristics of Windows Server Core base image?","Full Windows Server features and Larger size (~10GB)"
"Is Windows Server Core compatible with most apps?","Yes it is compatible with most apps"
"What is the base image for Nano Server?","microsoft/nanoserver"
"What are the characteristics of Nano Server base image?","Minimal Windows Server Smaller size (~400MB) Headless deployment and Similar to Alpine Linux"
"How do you switch from Linux containers to Windows containers in Docker Desktop?","Right-click Docker icon and select ""Switch to Windows containers"""
"What command verifies Windows container functionality?","docker run microsoft/nanoserver cmd /c echo ""Hello Windows"""
"What is Docker Desktop for Mac?","Docker on macOS using native virtualization"
"What are the requirements for Docker Toolbox on Mac?","macOS 10.8 or newer"
"What virtualization technology does Docker Desktop for Mac use?","HyperKit (native macOS hypervisor)"
"What are the requirements for Docker Desktop for Mac (Modern)?","macOS Sierra 10.12 or newer and 2010 or newer Mac hardware"
"Do native Mac containers exist?","No native Mac containers do not exist"
"What type of containers does Docker Desktop for Mac run?","All containers are Linux-based"
"What hypervisor does Docker Desktop for Mac use?","HyperKit (native virtualization)"
"What is Container Orchestration?","Automated management of containerized applications at scale"
"What is the first problem without orchestration?","Manual Scaling - need to manually run docker run for each instance"
"What is the second problem without orchestration?","No Health Monitoring - if container fails must manually restart with no automatic failover"
"What is the third problem without orchestration?","No Load Balancing - manual port mapping and manual configuration"
"What is the fourth problem without orchestration?","Manual Resource Management - no automatic host selection and no resource optimization"
"What do Container Orchestration tools automate?","Deployment scaling and management of containerized applications"
"What are seven features of Container Orchestration solutions?","Automatic scaling Health monitoring and self-healing Load balancing Service discovery Rolling updates Resource optimization and Multi-host networking"
"What are the characteristics of Docker Swarm?","Native Docker orchestration Easy to set up and Limited features"
"What are the characteristics of Kubernetes?","Most popular Feature-rich Industry standard and Cloud provider support"
"What are the characteristics of Apache Mesos?","Complex setup Advanced features and Less common"
"What is Docker Swarm?","Docker's native clustering and orchestration tool"
"What are the two types of nodes in Docker Swarm?","Manager Node and Worker Node"
"What does the Manager Node do in Docker Swarm?","Orchestration and Scheduling"
"What is Step 1 to initialize a Docker Swarm Manager?","docker swarm init --advertise-addr 192.168.1.100"
"What does ""--advertise-addr"" specify in swarm init?","Manager IP address"
"What does ""docker swarm init"" return?","A join token for workers"
"What is the output message after successful swarm initialization?","""Swarm initialized: current node (abc123...) is now a manager."""
"What is Step 2 to add worker nodes to the swarm?","Run ""docker swarm join --token SWMTKN-1-xyz... 192.168.1.100:2377"" on each worker node"
"What is the output message when a node successfully joins as a worker?","""This node joined a swarm as a worker."""
"What do Docker Services manage?","Containerized applications in swarm mode"
"What command creates a service with 3 replicas named web-app?","docker service create --replicas=3 --name web-app nodejs-app"
"What does ""--replicas=3"" mean in service creation?","Run 3 instances"
"What four things happen when a service is created?","Swarm manager schedules containers Distributes across worker nodes Monitors health and Maintains desired state (replicas)"
"What command lists all Docker services?","docker service ls"
"What columns appear in docker service ls output?","ID NAME MODE REPLICAS IMAGE"
"What command lists service tasks (containers) for web-app service?","docker service ps web-app"
"What columns appear in docker service ps output?","ID NAME NODE STATE IMAGE"
"What command scales web-app service to 5 replicas?","docker service scale web-app=5"
"What does Auto-Healing do in Docker Swarm?","If container fails swarm restarts it; If node fails swarm reschedules containers"
"What is Kubernetes?","Open-source container orchestration platform for automating deployment scaling and management"
"What are nine key features of Kubernetes?","Automatic scaling (up/down) Self-healing Load balancing Rolling updates/rollbacks Secret management Service discovery Storage orchestration"
"What command runs a single instance with Docker?","docker run nodejs-app"
"What are the characteristics of ""docker run nodejs-app""?","Runs single instance Manual scaling and No auto-restart"
"What command runs 1000 instances with Kubernetes?","kubectl run --replicas=1000 nodejs-app"
"What are the characteristics of Kubernetes deployment?","Runs multiple instances Automatic distribution and Self-healing"
"What command scales to 2000 instances in Kubernetes?","kubectl scale --replicas=2000 nodejs-app"
"What are the characteristics of Kubernetes scaling?","Instant scaling to desired number and Automatic distribution across nodes"
"What command performs a rolling update in Kubernetes?","kubectl rolling-update nodejs-app --image=nodejs-app:v2"
"What are the characteristics of Kubernetes rolling update?","Updates one instance at a time and Zero downtime"
"What command performs a rollback in Kubernetes?","kubectl rollback nodejs-app"
"What are the characteristics of Kubernetes rollback?","Reverts to previous version and Automatic"
"What are the four components of a Kubernetes Master Node?","API Server etcd Scheduler and Controller Manager"
"What is the Kubernetes API Server?","Front-end for Kubernetes that provides RESTful API and handles all communication"
"What is etcd in Kubernetes?","Distributed key-value store that stores all cluster data and maintains cluster state"
"What does the Kubernetes Scheduler do?","Assigns pods to nodes considers resource requirements and respects constraints"
"What does the Controller Manager do in Kubernetes?","Maintains desired state"
"What are three types of controllers in the Controller Manager?","Node Controller Replication Controller and Endpoints Controller"
"What are the three components of a Kubernetes Worker Node?","Kubelet Container Runtime and Kube-proxy"
"What is Kubelet?","Agent running on each node that communicates with API server and manages pods and containers"
"What is the Container Runtime in Kubernetes?","Software that runs containers (Docker containerd CRI-O) pulls images and starts/stops containers"
"What three container runtimes can Kubernetes use?","Docker containerd and CRI-O"
"What does Kube-proxy do?","Network proxy Load balancing and Service discovery"
"What command runs an application with 100 replicas in Kubernetes?","kubectl run my-app --image=my-app --replicas=100"
"What does ""kubectl run"" do?","Creates a deployment"
"What does ""--image=my-app"" specify?","Container image to use"
"What does ""--replicas=100"" specify?","Number of instances to run"
"What command scales a deployment to 200 replicas?","kubectl scale --replicas=200 deployment/my-app"
"What command displays cluster information?","kubectl cluster-info"
"What command lists all nodes?","kubectl get nodes"
"What command lists all pods?","kubectl get pods"
"What command lists all services?","kubectl get services"
"What are the three Docker Basics topics covered in the course?","What containers are How Docker works and Container vs VM"
"What are the three Docker Commands topics covered?","Running containers Managing images and Networking and storage"
"What are the three Building Images topics covered?","Dockerfile creation Layered architecture and Best practices"
"What are the three Docker Compose topics covered?","Multi-container applications YAML configuration and Service orchestration"
"What are the three Advanced Concepts covered?","Docker storage Networking and Registry management"
"What are the three Orchestration topics covered?","Docker Swarm basics Kubernetes introduction and Production considerations"
"What five further learning topics are recommended?","Docker Swarm advanced course Kubernetes for beginners Kubernetes certification Ansible/Chef/Puppet and CI/CD with Docker"
"What are four resources recommended for further learning?","KodeKloud (kodekloud.com) Docker Documentation (docs.docker.com) Kubernetes Documentation (kubernetes.io) and Practice labs and hands-on exercises"
"What command checks Ubuntu version?","cat /etc/lsb-release"
"What command removes old Docker versions?","sudo apt-get remove docker docker-engine docker.io containerd runc"
"What two commands install Docker via convenience script?","curl -fsSL https://get.docker.com -o get-docker.sh; sudo sh get-docker.sh"
"What command verifies Docker installation?","docker version"
"What command runs a container?","docker run <image>"
"What command runs a container in detached mode?","docker run -d <image>"
"What command runs a container in interactive mode?","docker run -it <image>"
"What command runs a named container?","docker run --name <name> <image>"
"What command runs a container with port mapping?","docker run -p <host>:tainer> <image>"
"What command runs a container with volume mapping?","docker run -v <host>:tainer> <image>"
"What command runs a container with an environment variable?","docker run -e KEY=VALUE <image>"
"What command lists running containers?","docker ps"
"What command lists all containers (including stopped)?","docker ps -a"
"What command stops a container?","docker stop tainer>"
"What command starts a stopped container?","docker start tainer>"
"What command removes a container?","docker rm tainer>"
"What command executes a command in a running container?","docker exec tainer> mmand>"
"What command opens an interactive bash shell in a container?","docker exec -it tainer> bash"
"What command views container logs?","docker logs tainer>"
"What command inspects a container's detailed information?","docker inspect tainer>"
"What command attaches to a running container?","docker attach tainer>"
"What command lists all Docker images?","docker images"
"What command pulls an image with a specific tag?","docker pull <image>:<tag>"
"What command builds an image from current directory?","docker build -t <name>:<tag> ."
"What command builds an image with a specific Dockerfile?","docker build -t <name> -f <dockerfile> ."
"What command tags a Docker image?","docker tag <source> <target>"
"What command pushes an image to a registry?","docker push <image>:<tag>"
"What command removes a Docker image?","docker rmi <image>"
"What command views the history of an image?","docker history <image>"
"What command removes unused Docker images?","docker image prune"
"What command lists all Docker networks?","docker network ls"
"What command creates a Docker network?","docker network create <name>"
"What command creates a bridge network with a specific subnet?","docker network create --driver bridge --subnet 182.18.0.0/16 <name>"
"What command inspects a Docker network?","docker network inspect <network>"
"What command connects a container to a network?","docker network connect <network> tainer>"
"What command disconnects a container from a network?","docker network disconnect <network> tainer>"
"What command creates a Docker volume?","docker volume create <name>"
"What command lists all Docker volumes?","docker volume ls"
"What command inspects a Docker volume?","docker volume inspect <volume>"
"What command removes a Docker volume?","docker volume rm <volume>"
"What command removes unused Docker volumes?","docker volume prune"
"What command starts Docker Compose services?","docker-compose up"
"What command starts Docker Compose services in detached mode?","docker-compose up -d"
"What command stops Docker Compose services?","docker-compose down"
"What command lists Docker Compose services?","docker-compose ps"
"What command views logs of all Docker Compose services?","docker-compose logs"
"What command views logs of a specific Docker Compose service?","docker-compose logs <service>"
"What command scales a Docker Compose service?","docker-compose scale <service>=unt>"
"What command builds Docker Compose images?","docker-compose build"
"What command initializes a Docker Swarm?","docker swarm init --advertise-addr <ip>"
"What command joins a swarm as a worker?","docker swarm join --token <token> <manager-ip>:2377"
"What command lists all Docker Swarm nodes?","docker node ls"
"What command creates a Docker service with replicas?","docker service create --name <name> --replicas unt> <image>"
"What command lists all Docker services?","docker service ls"
"What command lists tasks of a specific service?","docker service ps <service>"
"What command scales a Docker service?","docker service scale <service>=unt>"
"What command updates a Docker service with a new image?","docker service update --image <image>:<tag> <service>"
"What command removes a Docker service?","docker service rm <service>"
"What command views Docker system information?","docker info"
"What command views Docker disk usage?","docker system df"
"What command removes all unused Docker objects?","docker system prune"
"What command views resource usage statistics of containers?","docker stats"
"What command views Docker events in real-time?","docker events"
